SepalLength,SepalWidth,PetalLength,PetalWidth
5.3,2.0,1.2999999523162842,1.5
4.6,2.0,1.2000000476837158,0.20000000298023224
4.4,2.0,1.0,1.399999976158142
4.6,2.5999999046325684,3.299999952316284,1.5
5.5,3.0,1.899999976158142,0.10000000149011612
4.4,2.799999952316284,1.399999976158142,1.0
4.6,3.0,1.2000000476837158,1.399999976158142
4.6,2.799999952316284,3.299999952316284,0.20000000298023224
5.0,2.299999952316284,1.899999976158142,1.0
4.8,2.200000047683716,1.2000000476837158,1.2999999523162842